"Date","Price","Open","High","Low","Vol.","Change %"
"Sep 25, 2019","100.95","98.90","101.55","97.25","24.94K","1.82%"
"Sep 24, 2019","99.15","98.85","100.35","98.45","13.62K","0.15%"
"Sep 23, 2019","99.00","98.50","100.90","98.15","17.16K","0.61%"
"Sep 20, 2019","98.40","98.50","99.75","98.05","22.02K","0.05%"
"Sep 19, 2019","98.35","100.35","100.75","98.10","17.60K","-2.31%"
"Sep 18, 2019","100.68","100.83","101.83","100.13","-","0.08%"
"Sep 17, 2019","100.60","103.60","104.05","99.98","-","-3.11%"
"Sep 16, 2019","103.83","102.00","104.90","101.68","-","1.32%"
"Sep 13, 2019","102.48","103.23","103.60","102.08","-","-0.97%"
"Sep 12, 2019","103.48","102.68","103.85","101.18","-","3.33%"
"Sep 11, 2019","100.15","101.15","101.15","101.15","0.00K","-1.60%"
"Sep 10, 2019","101.78","98.68","102.25","98.03","-","3.02%"
"Sep 09, 2019","98.80","96.88","99.20","95.38","-","2.07%"
"Sep 06, 2019","96.80","95.18","97.35","95.03","-","1.81%"
"Sep 05, 2019","95.08","96.88","97.45","95.08","-","-1.59%"
"Sep 04, 2019","96.62","95.80","96.95","95.53","-","1.09%"
"Sep 03, 2019","95.58","95.23","96.60","94.23","-","2.12%"
"Aug 30, 2019","93.60","93.30","93.30","93.30","0.01K","1.85%"
"Aug 29, 2019","91.90","93.35","93.35","93.35","0.01K","-2.44%"
"Aug 28, 2019","94.20","93.00","93.90","92.85","0.01K","0.43%"
"Aug 27, 2019","93.80","93.85","93.85","93.40","0.01K","-0.37%"
"Aug 26, 2019","94.15","92.15","94.85","92.15","0.03K","1.67%"
"Aug 23, 2019","92.60","92.85","92.85","92.00","0.02K","-0.96%"
"Aug 22, 2019","93.50","93.15","93.60","92.25","0.11K","0.70%"
"Aug 21, 2019","92.85","91.65","93.85","91.65","16.53K","1.53%"
"Aug 20, 2019","91.45","91.35","91.80","89.60","12.09K","0.33%"
"Aug 19, 2019","91.15","92.80","93.65","91.05","8.23K","-1.83%"
"Aug 16, 2019","92.85","94.90","95.05","92.60","5.81K","-1.80%"
"Aug 15, 2019","94.55","94.40","95.70","94.15","11.80K","0.11%"
"Aug 14, 2019","94.45","95.85","96.40","94.00","17.29K","-1.97%"
"Aug 13, 2019","96.35","93.70","96.60","93.15","30.65K","2.77%"
"Aug 12, 2019","93.75","97.20","97.25","93.40","40.13K","-3.65%"
"Aug 09, 2019","97.30","97.20","98.10","96.65","31.11K","-0.10%"
"Aug 08, 2019","97.40","97.40","98.90","96.55","35.70K","0.52%"
"Aug 07, 2019","96.90","96.80","97.70","96.05","25.95K","-0.15%"
"Aug 06, 2019","97.05","95.75","97.75","95.20","26.45K","1.46%"
"Aug 05, 2019","95.65","98.30","98.70","94.30","24.43K","-2.55%"
"Aug 02, 2019","98.15","97.15","98.95","96.75","24.20K","0.93%"
"Aug 01, 2019","97.25","97.85","98.45","96.40","24.41K","-2.41%"
"Jul 31, 2019","99.65","99.10","100.45","98.10","24.47K","0.15%"
"Jul 30, 2019","99.50","101.05","101.15","98.80","19.26K","-1.63%"
"Jul 29, 2019","101.15","99.75","102.45","98.75","25.63K","1.40%"
"Jul 26, 2019","99.75","100.60","102.65","99.05","27.62K","-0.89%"
"Jul 25, 2019","100.65","101.35","101.65","100.30","20.32K","-0.35%"
"Jul 24, 2019","101.00","102.45","103.65","100.55","31.14K","-1.27%"
"Jul 23, 2019","102.30","105.15","105.60","102.15","26.11K","-2.66%"
"Jul 22, 2019","105.10","106.70","108.00","105.00","19.29K","-1.89%"
"Jul 19, 2019","107.12","108.68","109.88","107.03","-","-0.03%"
"Jul 18, 2019","107.15","105.30","105.30","105.30","0.00K","-0.21%"
"Jul 17, 2019","107.38","106.35","107.90","105.50","-","1.27%"
"Jul 16, 2019","106.03","110.18","110.18","105.45","-","-3.59%"
"Jul 15, 2019","109.98","106.55","110.65","104.53","-","3.19%"
"Jul 12, 2019","106.58","107.20","107.88","106.08","-","1.02%"
"Jul 11, 2019","105.50","106.05","106.05","106.05","0.00K","-0.50%"
"Jul 10, 2019","106.03","107.68","109.30","105.58","-","-1.82%"
"Jul 09, 2019","108.00","106.43","108.30","105.35","-","3.10%"
"Jul 08, 2019","104.75","113.05","113.05","105.50","0.03K","-4.29%"
"Jul 05, 2019","109.45","112.55","112.55","110.40","0.02K","-2.49%"
"Jul 03, 2019","112.25","110.10","112.15","108.30","0.01K","3.70%"
"Jul 02, 2019","108.25","110.35","110.35","108.60","0.09K","-1.72%"
"Jul 01, 2019","110.15","112.55","112.55","109.60","0.05K","1.76%"
"Jun 28, 2019","108.25","106.90","109.00","106.35","0.05K","2.56%"
"Jun 27, 2019","105.55","105.20","105.80","105.00","0.02K","0.62%"
"Jun 26, 2019","104.90","104.70","107.15","104.45","0.05K","-1.46%"
"Jun 25, 2019","106.45","103.00","105.35","103.00","0.09K","4.36%"
"Jun 24, 2019","102.00","99.30","102.40","99.00","0.22K","2.20%"
"Jun 21, 2019","99.80","102.05","102.05","99.40","0.28K","-1.24%"
"Jun 20, 2019","101.05","98.00","101.10","98.00","1.25K","4.99%"
"Jun 19, 2019","96.25","94.45","97.45","94.35","9.59K","2.07%"
"Jun 18, 2019","94.30","95.85","96.00","94.00","9.77K","-1.82%"
"Jun 17, 2019","96.05","95.80","96.80","94.85","15.75K","0.05%"
"Jun 14, 2019","96.00","97.40","98.00","95.85","27.58K","-1.39%"
"Jun 13, 2019","97.35","99.10","99.70","97.30","28.59K","-1.72%"
"Jun 12, 2019","99.05","97.15","99.20","96.75","31.37K","2.11%"
"Jun 11, 2019","97.00","98.10","100.45","96.85","39.47K","-1.62%"
"Jun 10, 2019","98.60","100.15","100.75","98.00","46.33K","-2.33%"
"Jun 07, 2019","100.95","102.05","103.30","100.05","35.11K","-1.08%"
"Jun 06, 2019","102.05","99.00","102.55","98.60","36.39K","2.98%"
"Jun 05, 2019","99.10","105.35","105.60","97.90","60.42K","-6.20%"
"Jun 04, 2019","105.65","103.25","106.15","102.70","43.49K","1.83%"
"Jun 03, 2019","103.75","104.85","105.65","103.00","54.97K","-0.81%"
"May 31, 2019","104.60","102.10","105.30","99.05","47.25K","2.20%"
"May 30, 2019","102.35","100.15","102.75","99.50","51.09K","2.86%"
"May 29, 2019","99.50","96.65","100.25","95.95","40.28K","3.59%"
"May 28, 2019","96.05","93.20","96.45","92.65","36.41K","2.95%"
"May 24, 2019","93.30","93.50","95.00","92.60","27.51K","-0.21%"
"May 23, 2019","93.50","91.60","94.00","90.20","30.16K","1.91%"
"May 22, 2019","91.75","93.00","93.85","91.50","26.08K","-1.24%"
"May 21, 2019","92.90","89.60","93.35","88.50","32.02K","5.27%"
"May 20, 2019","88.25","88.15","88.20","86.75","0.04K","1.03%"
"May 17, 2019","87.35","88.05","88.05","88.05","0.01K","-2.94%"
"May 16, 2019","90.00","89.70","89.70","89.70","0.00K","-1.73%"
"May 15, 2019","91.58","90.75","91.75","90.63","-","0.99%"
"May 14, 2019","90.68","90.08","92.60","90.00","-","0.72%"
"May 13, 2019","90.03","90.20","90.50","88.83","-","0.65%"
"May 10, 2019","89.45","88.85","88.85","88.85","0.00K","-0.06%"
"May 09, 2019","89.50","88.60","88.60","87.50","0.00K","2.64%"
"May 08, 2019","87.20","87.60","87.60","87.45","0.01K","0.63%"
"May 07, 2019","86.65","87.65","87.65","87.00","0.03K","-3.99%"
"May 06, 2019","90.25","93.50","93.50","89.43","-","1.12%"
"May 03, 2019","89.25","89.80","89.80","89.60","0.01K","-2.33%"
"May 02, 2019","91.38","90.98","92.75","90.78","-","1.76%"
"May 01, 2019","89.80","91.70","91.70","91.70","0.00K","-2.23%"
"Apr 30, 2019","91.85","91.35","93.85","91.35","0.13K","0.55%"
"Apr 29, 2019","91.35","91.75","91.80","90.80","0.03K","-1.46%"
"Apr 26, 2019","92.70","92.00","92.40","91.85","0.03K","0.71%"
"Apr 25, 2019","92.05","91.90","92.00","91.50","0.17K","1.77%"
"Apr 24, 2019","90.45","91.65","92.00","90.25","0.16K","-1.15%"
"Apr 23, 2019","91.50","92.00","92.00","90.10","0.18K","0.44%"
"Apr 22, 2019","91.10","90.50","93.20","90.50","0.58K","1.00%"
"Apr 18, 2019","90.20","87.05","91.50","87.00","15.14K","3.62%"
"Apr 17, 2019","87.05","90.20","90.75","86.35","26.97K","-3.81%"
"Apr 16, 2019","90.50","91.05","91.55","89.80","19.19K","-0.98%"
"Apr 15, 2019","91.40","90.00","91.70","89.85","34.58K","1.11%"
"Apr 12, 2019","90.40","90.80","91.15","89.35","33.84K","0.17%"
"Apr 11, 2019","90.25","94.10","94.30","90.15","62.05K","-4.24%"
"Apr 10, 2019","94.25","93.75","94.50","93.10","28.26K","0.64%"
"Apr 09, 2019","93.65","93.30","94.85","93.15","47.97K","0.75%"
"Apr 08, 2019","92.95","93.20","93.80","92.05","35.23K","-0.27%"
"Apr 05, 2019","93.20","94.80","95.75","93.05","35.73K","-2.20%"
"Apr 04, 2019","95.30","95.20","96.95","94.50","43.59K","-0.05%"
"Apr 03, 2019","95.35","91.65","95.85","91.30","48.27K","4.04%"
"Apr 02, 2019","91.65","92.35","92.55","91.25","22.45K","-0.49%"
"Apr 01, 2019","92.10","94.05","94.80","91.65","40.74K","-2.54%"
"Mar 29, 2019","94.50","94.25","95.65","94.20","21.78K","0.53%"
"Mar 28, 2019","94.00","93.40","94.60","92.70","24.20K","0.16%"
"Mar 27, 2019","93.85","95.05","96.40","93.45","31.14K","-1.57%"
"Mar 26, 2019","95.35","94.35","95.85","93.95","25.12K","1.17%"
"Mar 25, 2019","94.25","93.65","94.85","92.60","23.11K","0.37%"
"Mar 22, 2019","93.90","95.00","95.50","93.65","17.91K","-0.95%"
"Mar 21, 2019","94.80","94.85","96.30","94.55","18.95K","0.05%"
"Mar 20, 2019","94.75","96.60","96.80","94.35","25.00K","-1.92%"
"Mar 19, 2019","96.60","97.03","97.80","96.50","-","-0.26%"
"Mar 18, 2019","96.85","97.15","97.97","96.35","-","-0.82%"
"Mar 15, 2019","97.65","97.28","97.85","96.60","-","3.94%"
"Mar 14, 2019","93.95","95.30","95.30","94.05","0.00K","-3.64%"
"Mar 13, 2019","97.50","96.10","97.78","95.25","-","5.06%"
"Mar 12, 2019","92.80","94.55","94.55","94.50","0.01K","-4.62%"
"Mar 11, 2019","97.30","98.08","98.30","97.05","-","2.10%"
"Mar 08, 2019","95.30","94.50","95.25","94.50","0.00K","-1.65%"
"Mar 07, 2019","96.90","98.55","99.30","96.85","-","-1.52%"
"Mar 06, 2019","98.40","99.85","100.10","98.35","-","2.02%"
"Mar 05, 2019","96.45","96.45","96.45","96.45","-","2.50%"
"Mar 04, 2019","94.10","96.50","96.50","96.50","0.01K","-2.94%"
"Mar 01, 2019","96.95","97.50","97.50","97.50","0.01K","1.84%"
"Feb 28, 2019","95.20","94.70","95.55","94.70","0.04K","-0.52%"
"Feb 27, 2019","95.70","93.95","96.30","93.95","0.02K","2.30%"
"Feb 26, 2019","93.55","96.40","96.50","93.60","0.07K","-2.96%"
"Feb 25, 2019","96.40","96.35","97.25","96.25","0.01K","-0.05%"
"Feb 22, 2019","96.45","96.50","96.95","96.45","0.03K","0.36%"
"Feb 21, 2019","96.10","97.00","97.35","96.00","0.04K","-1.49%"
"Feb 20, 2019","97.55","97.60","98.20","96.10","0.22K","0.36%"
"Feb 19, 2019","97.20","97.65","98.30","96.10","13.80K","-0.77%"
"Feb 15, 2019","97.95","97.80","98.85","97.45","19.14K","0.10%"
"Feb 14, 2019","97.85","98.85","99.20","97.05","17.48K","-1.06%"
"Feb 13, 2019","98.90","101.00","101.00","98.65","29.86K","-1.54%"
"Feb 12, 2019","100.45","100.20","101.25","99.90","28.91K","0.25%"
"Feb 11, 2019","100.20","102.60","102.70","99.85","41.31K","-2.34%"
"Feb 08, 2019","102.60","104.25","104.75","102.25","39.20K","-1.63%"
"Feb 07, 2019","104.30","105.20","105.30","103.55","38.97K","-1.14%"
"Feb 06, 2019","105.50","104.70","105.90","104.35","23.73K","0.62%"
"Feb 05, 2019","104.85","105.80","106.20","104.25","21.21K","-0.71%"
"Feb 04, 2019","105.60","103.80","106.35","103.25","28.65K","1.83%"
"Feb 01, 2019","103.70","106.15","107.00","103.55","27.78K","-2.08%"
"Jan 31, 2019","105.90","102.30","106.35","102.30","31.56K","3.72%"
"Jan 30, 2019","102.10","102.65","103.35","101.95","12.75K","-0.49%"
"Jan 29, 2019","102.60","103.00","103.30","102.15","16.06K","-0.05%"
"Jan 28, 2019","102.65","105.65","105.80","101.55","31.32K","-3.89%"
"Jan 25, 2019","106.80","106.10","107.15","105.20","26.25K","1.42%"
"Jan 24, 2019","105.30","103.70","106.10","103.05","22.42K","1.84%"
"Jan 23, 2019","103.40","102.90","104.00","102.30","16.63K","0.05%"
"Jan 22, 2019","103.35","104.90","105.75","102.80","19.24K","-1.52%"
"Jan 18, 2019","104.95","102.85","106.20","102.60","27.46K","2.49%"
"Jan 17, 2019","102.40","102.40","103.50","101.75","17.11K","0.00%"
"Jan 16, 2019","102.40","100.90","103.00","100.65","21.69K","1.09%"
"Jan 15, 2019","101.30","102.25","102.90","100.40","20.66K","-1.41%"
"Jan 14, 2019","102.75","103.40","103.55","101.55","16.71K","-1.06%"
"Jan 11, 2019","103.85","104.00","104.80","102.50","24.88K","-0.38%"
"Jan 10, 2019","104.25","105.00","106.00","103.35","23.61K","-1.00%"
"Jan 09, 2019","105.30","105.00","106.85","104.35","21.96K","0.24%"
"Jan 08, 2019","105.05","102.90","106.05","102.35","32.99K","2.24%"
"Jan 07, 2019","102.75","101.50","103.45","101.15","15.31K","1.13%"
"Jan 04, 2019","101.60","102.30","103.00","100.40","16.12K","-0.54%"
"Jan 03, 2019","102.15","99.50","103.25","99.45","21.49K","2.66%"
"Jan 02, 2019","99.50","101.60","102.65","99.35","22.18K","-2.31%"
"Dec 31, 2018","101.85","100.95","102.00","99.30","11.74K","0.89%"
"Dec 28, 2018","100.95","101.75","102.75","100.40","9.03K","-0.79%"
"Dec 27, 2018","101.75","103.70","103.80","100.90","14.52K","-2.07%"
"Dec 26, 2018","103.90","102.20","104.00","100.35","12.21K","1.66%"
"Dec 24, 2018","102.20","99.70","102.40","99.65","8.82K","2.51%"
"Dec 21, 2018","99.70","102.50","102.65","99.40","13.87K","-2.73%"
"Dec 20, 2018","102.50","100.90","102.75","100.50","16.04K","1.64%"
"Dec 19, 2018","100.85","99.50","101.90","98.60","18.60K","6.89%"
"Dec 18, 2018","94.35","95.75","95.75","95.75","0.00K","-0.37%"
"Dec 17, 2018","94.70","98.05","98.05","96.05","0.04K","-2.32%"
"Dec 14, 2018","96.95","96.95","96.95","96.95","-","-1.87%"
"Dec 13, 2018","98.80","99.25","99.25","98.45","0.02K","1.07%"
"Dec 12, 2018","97.75","98.15","98.15","98.15","0.02K","0.10%"
"Dec 11, 2018","97.65","100.30","100.30","100.30","0.00K","-2.79%"
"Dec 10, 2018","100.45","100.00","100.25","100.00","0.02K","1.67%"
"Dec 07, 2018","98.80","98.80","98.80","98.80","-","-1.84%"
"Dec 06, 2018","100.65","100.00","100.00","100.00","0.10K","-0.30%"
"Dec 05, 2018","100.95","102.30","102.35","101.30","0.02K","-0.93%"
"Dec 04, 2018","101.90","102.05","102.70","101.90","0.01K","-1.55%"
"Dec 03, 2018","103.50","103.50","103.50","103.50","-","0.24%"
"Nov 30, 2018","103.25","108.50","108.50","104.00","0.04K","-4.84%"
"Nov 29, 2018","108.50","110.40","110.40","109.30","0.01K","-1.45%"
"Nov 28, 2018","110.10","108.30","108.30","108.30","0.02K","0.55%"
"Nov 27, 2018","109.50","107.50","109.80","107.40","0.02K","2.34%"
"Nov 26, 2018","107.00","107.15","107.55","106.20","0.03K","-0.14%"
"Nov 23, 2018","107.15","110.15","110.15","106.70","0.46K","-2.86%"
"Nov 21, 2018","110.30","111.50","111.50","109.75","0.14K","-0.32%"
"Nov 20, 2018","110.65","112.25","112.80","110.10","4.73K","-1.51%"
"Nov 19, 2018","112.35","111.90","113.00","109.05","6.19K","-0.22%"
"Nov 16, 2018","112.60","110.30","112.80","109.85","4.19K","2.32%"
"Nov 15, 2018","110.05","112.65","113.70","109.40","8.08K","-2.31%"
"Nov 14, 2018","112.65","109.20","112.95","108.60","17.19K","3.16%"
"Nov 13, 2018","109.20","110.15","110.25","107.55","26.75K","-0.86%"
"Nov 12, 2018","110.15","113.85","113.85","109.65","30.31K","-3.25%"
"Nov 09, 2018","113.85","116.25","116.40","113.70","35.83K","-2.40%"
"Nov 08, 2018","116.65","115.55","118.15","114.55","34.86K","0.91%"
"Nov 07, 2018","115.60","114.10","115.90","113.65","33.31K","2.08%"
"Nov 06, 2018","113.25","116.50","117.50","113.10","35.79K","-3.29%"
"Nov 05, 2018","117.10","119.25","119.30","116.25","37.34K","-2.46%"
"Nov 02, 2018","120.05","118.65","121.30","118.10","34.87K","1.91%"
"Nov 01, 2018","117.80","113.05","118.20","112.60","53.36K","4.53%"
"Oct 31, 2018","112.70","112.35","113.50","111.35","26.18K","0.27%"
"Oct 30, 2018","112.40","114.70","115.75","112.15","33.86K","-1.62%"
"Oct 29, 2018","114.25","120.10","122.80","113.95","37.96K","-4.51%"
"Oct 26, 2018","119.65","121.00","122.80","119.25","27.54K","-1.24%"
"Oct 25, 2018","121.15","119.85","123.10","119.30","28.16K","0.75%"
"Oct 24, 2018","120.25","121.10","124.35","120.00","31.99K","-0.70%"
"Oct 23, 2018","121.10","117.65","121.65","116.35","39.37K","2.93%"
"Oct 22, 2018","117.65","121.90","122.10","117.45","24.48K","-3.64%"
"Oct 19, 2018","122.10","121.75","125.50","120.90","26.41K","0.04%"
"Oct 18, 2018","122.05","122.55","124.30","120.80","41.84K","-0.41%"
"Oct 17, 2018","122.55","117.45","122.90","117.00","43.59K","4.16%"
"Oct 16, 2018","117.65","119.80","120.00","116.80","33.67K","-1.42%"
"Oct 15, 2018","119.35","116.90","119.70","116.90","45.21K","2.40%"
"Oct 12, 2018","116.55","113.50","116.80","112.55","34.69K","3.23%"
"Oct 11, 2018","112.90","111.50","113.50","109.75","35.80K","0.89%"
"Oct 10, 2018","111.90","113.65","114.20","111.05","30.38K","-1.10%"
"Oct 09, 2018","113.15","111.95","113.40","110.95","29.18K","1.16%"
"Oct 08, 2018","111.85","110.60","112.95","110.45","40.73K","2.66%"
"Oct 05, 2018","108.95","106.95","109.40","106.75","22.83K","1.87%"
"Oct 04, 2018","106.95","106.15","108.80","104.80","26.41K","0.33%"
"Oct 03, 2018","106.60","107.65","110.80","106.45","43.06K","-0.98%"
"Oct 02, 2018","107.65","102.05","108.15","101.10","42.10K","5.33%"
"Oct 01, 2018","102.20","102.15","103.45","101.40","26.26K","-0.24%"
"Sep 28, 2018","102.45","99.15","103.45","98.75","34.02K","3.17%"
"Sep 27, 2018","99.30","97.70","99.55","96.90","13.46K","1.59%"
"Sep 26, 2018","97.75","97.30","98.60","96.70","13.73K","0.67%"
"Sep 25, 2018","97.10","97.80","98.05","96.55","19.61K","-1.42%"
"Sep 24, 2018","98.50","99.70","100.10","97.85","14.35K","-1.40%"
"Sep 21, 2018","99.90","99.45","100.75","98.30","23.57K","0.15%"
"Sep 20, 2018","99.75","96.90","100.70","96.65","26.43K","3.15%"
"Sep 19, 2018","96.70","96.05","97.20","95.20","15.26K","5.11%"
"Sep 18, 2018","92.00","92.00","92.00","92.00","-","-1.55%"
"Sep 17, 2018","93.45","95.10","95.10","93.50","0.01K","-2.10%"
"Sep 14, 2018","95.45","95.45","95.45","95.25","0.02K","-0.99%"
"Sep 13, 2018","96.40","96.70","96.70","96.70","0.00K","-1.48%"
"Sep 12, 2018","97.85","96.80","97.80","96.80","0.00K","1.72%"
"Sep 11, 2018","96.20","97.30","97.30","97.30","0.00K","-1.33%"
"Sep 10, 2018","97.50","97.50","97.50","97.50","-","-1.32%"
"Sep 07, 2018","98.80","98.80","98.80","98.80","0.00K","0.87%"
"Sep 06, 2018","97.95","99.05","99.05","99.05","0.00K","-2.15%"
"Sep 05, 2018","100.10","100.10","100.10","100.10","-","2.40%"
"Sep 04, 2018","97.75","96.35","96.35","95.60","0.00K","-0.36%"
"Aug 31, 2018","98.10","98.10","98.10","98.10","0.02K","-0.86%"
"Aug 30, 2018","98.95","98.35","98.35","98.35","0.01K","0.30%"
"Aug 29, 2018","98.65","99.20","99.20","99.20","0.01K","-0.60%"
"Aug 28, 2018","99.25","101.70","102.25","100.20","0.03K","-2.55%"
"Aug 27, 2018","101.85","101.95","102.20","101.95","0.09K","1.29%"
"Aug 24, 2018","100.55","98.35","101.05","98.35","0.03K","3.45%"
"Aug 23, 2018","97.20","96.40","98.25","96.15","0.28K","0.83%"
"Aug 22, 2018","96.40","97.20","98.30","95.45","12.01K","-1.58%"
"Aug 21, 2018","97.95","97.50","98.95","96.90","13.35K","0.72%"
"Aug 20, 2018","97.25","101.20","101.75","96.95","15.58K","-3.90%"
"Aug 17, 2018","101.20","102.30","102.55","100.25","11.69K","-0.49%"
"Aug 16, 2018","101.70","102.65","103.55","101.30","16.03K","-0.68%"
"Aug 15, 2018","102.40","105.35","105.55","102.10","28.29K","-2.52%"
"Aug 14, 2018","105.05","106.15","106.95","105.05","37.56K","-1.13%"
"Aug 13, 2018","106.25","107.05","107.25","104.35","46.20K","-0.70%"
"Aug 10, 2018","107.00","107.20","107.60","106.40","43.34K","-0.60%"
"Aug 09, 2018","107.65","107.80","108.40","106.85","29.13K","-0.19%"
"Aug 08, 2018","107.85","108.85","108.90","106.65","38.06K","-1.10%"
"Aug 07, 2018","109.05","108.55","110.25","108.45","47.05K","0.28%"
"Aug 06, 2018","108.75","107.65","110.15","107.20","24.43K","0.93%"
"Aug 03, 2018","107.75","107.05","108.75","106.70","26.84K","0.98%"
"Aug 02, 2018","106.70","108.05","108.05","106.00","32.64K","-1.25%"
"Aug 01, 2018","108.05","109.70","110.40","107.70","34.48K","-1.68%"
"Jul 31, 2018","109.90","111.40","111.80","109.55","29.68K","-1.35%"
"Jul 30, 2018","111.40","110.50","113.40","109.65","34.16K","0.86%"
"Jul 27, 2018","110.45","109.50","110.85","108.70","21.09K","0.82%"
"Jul 26, 2018","109.55","111.35","111.70","109.25","21.19K","-1.31%"
"Jul 25, 2018","111.00","111.05","112.00","109.90","12.84K","0.05%"
"Jul 24, 2018","110.95","111.75","113.20","110.15","21.61K","-0.63%"
"Jul 23, 2018","111.65","111.05","113.00","110.70","23.94K","0.90%"
"Jul 20, 2018","110.65","108.30","111.05","108.10","17.12K","5.13%"
"Jul 19, 2018","105.25","105.25","105.25","105.25","-","0.62%"
"Jul 18, 2018","104.60","105.80","105.80","105.80","0.00K","-1.04%"
"Jul 17, 2018","105.70","106.55","106.55","106.55","0.05K","-1.63%"
"Jul 16, 2018","107.45","107.45","107.45","107.45","-","0.37%"
"Jul 13, 2018","107.05","108.15","108.25","107.15","0.01K","-1.52%"
"Jul 12, 2018","108.70","108.70","108.70","108.70","-","-0.46%"
"Jul 11, 2018","109.20","108.50","109.35","108.35","0.01K","-2.46%"
"Jul 10, 2018","111.95","111.80","111.80","111.80","0.00K","-0.22%"
"Jul 09, 2018","112.20","112.20","112.20","112.20","-","0.85%"
"Jul 06, 2018","111.25","106.20","108.25","106.20","0.00K","4.66%"
"Jul 05, 2018","106.30","106.30","106.30","106.30","0.01K","-1.89%"
"Jul 03, 2018","108.35","109.75","109.75","108.45","0.00K","0.51%"
"Jul 02, 2018","107.80","108.45","109.10","107.65","0.13K","-3.32%"
"Jun 29, 2018","111.50","112.55","112.65","112.55","0.02K","-0.58%"
"Jun 28, 2018","112.15","112.00","112.00","112.00","0.02K","-1.88%"
"Jun 27, 2018","114.30","114.80","114.80","113.70","0.01K","-0.44%"
"Jun 26, 2018","114.80","114.55","115.80","114.05","0.03K","0.57%"
"Jun 25, 2018","114.15","113.75","114.35","113.50","0.04K","0.26%"
"Jun 22, 2018","113.85","113.75","114.15","113.40","0.04K","1.11%"
"Jun 21, 2018","112.60","113.75","113.75","112.00","0.32K","-0.92%"
"Jun 20, 2018","113.65","114.10","114.80","113.35","11.21K","-0.39%"
"Jun 19, 2018","114.10","114.30","114.35","112.65","13.00K","-0.31%"
"Jun 18, 2018","114.45","115.40","115.80","114.30","10.40K","-0.65%"
"Jun 15, 2018","115.20","115.65","115.65","114.60","17.16K","-0.43%"
"Jun 14, 2018","115.70","116.50","117.15","115.55","32.07K","-0.56%"
"Jun 13, 2018","116.35","117.20","117.25","116.20","28.77K","-0.85%"
"Jun 12, 2018","117.35","117.05","117.95","116.75","26.63K","0.21%"
"Jun 11, 2018","117.10","117.25","118.05","116.25","44.33K","-0.13%"
"Jun 08, 2018","117.25","116.05","117.45","115.65","41.92K","1.34%"
"Jun 07, 2018","115.70","118.25","118.65","115.65","48.60K","-2.16%"
"Jun 06, 2018","118.25","119.30","119.85","118.20","28.57K","-1.00%"
"Jun 05, 2018","119.45","121.15","121.55","119.15","33.65K","-1.69%"
"Jun 04, 2018","121.50","122.55","123.15","120.90","35.55K","-1.02%"
"Jun 01, 2018","122.75","123.90","124.95","122.35","36.14K","-0.77%"
"May 31, 2018","123.70","120.40","124.05","120.25","32.67K","2.83%"
"May 30, 2018","120.30","119.75","122.20","119.75","38.34K","0.04%"
"May 29, 2018","120.25","119.80","120.50","119.35","17.87K","-0.12%"
"May 25, 2018","120.40","120.60","120.70","119.10","12.51K","-0.12%"
"May 24, 2018","120.55","119.70","121.00","119.45","21.64K","1.01%"
"May 23, 2018","119.35","120.40","120.80","118.60","19.57K","-1.24%"
"May 22, 2018","120.85","120.55","121.45","119.55","26.84K","0.54%"
"May 21, 2018","120.20","118.00","120.60","117.85","25.92K","5.48%"
"May 18, 2018","113.95","113.95","113.95","113.95","0.00K","0.09%"
"May 17, 2018","113.85","113.85","113.85","113.85","-","0.53%"
"May 16, 2018","113.25","114.50","114.50","112.45","0.00K","0.31%"
"May 15, 2018","112.90","114.75","114.75","113.20","0.00K","-0.66%"
"May 14, 2018","113.65","113.65","113.65","113.65","-","-1.39%"
"May 11, 2018","115.25","115.35","116.40","115.10","0.02K","-0.90%"
"May 10, 2018","116.30","116.30","116.30","116.30","-","0.69%"
"May 09, 2018","115.50","115.50","115.50","115.50","0.01K","-0.90%"
"May 08, 2018","116.55","116.55","116.55","116.55","0.00K","-1.40%"
"May 07, 2018","118.20","119.55","119.55","118.45","0.01K","-1.87%"
"May 04, 2018","120.45","120.45","120.45","120.45","0.00K","-1.43%"
"May 03, 2018","122.20","122.45","122.45","122.45","0.00K","0.49%"
"May 02, 2018","121.60","122.75","122.75","122.75","0.00K","-0.82%"
"May 01, 2018","122.60","122.85","122.85","122.85","0.00K","1.62%"
"Apr 30, 2018","120.65","120.05","120.80","120.05","0.02K","0.25%"
"Apr 27, 2018","120.35","119.80","120.30","119.15","0.02K","2.34%"
"Apr 26, 2018","117.60","117.60","117.60","117.60","0.05K","0.64%"
"Apr 25, 2018","116.85","117.75","117.75","116.00","0.02K","-1.39%"
"Apr 24, 2018","118.50","117.00","118.50","116.65","0.09K","1.28%"
"Apr 23, 2018","117.00","116.30","117.10","116.30","0.32K","1.08%"
"Apr 20, 2018","115.75","115.00","115.25","114.45","0.63K","1.31%"
"Apr 19, 2018","114.25","114.70","115.20","113.35","13.94K","-0.57%"
"Apr 18, 2018","114.90","113.75","115.35","113.35","18.10K","1.19%"
"Apr 17, 2018","113.55","114.50","114.60","113.05","17.73K","-0.61%"
"Apr 16, 2018","114.25","117.30","117.35","114.15","20.64K","-2.60%"
"Apr 13, 2018","117.30","118.00","118.95","117.10","39.10K","-0.51%"
"Apr 12, 2018","117.90","118.30","118.40","117.45","26.05K","-0.21%"
"Apr 11, 2018","118.15","117.85","118.35","116.50","43.03K","0.47%"
"Apr 10, 2018","117.60","118.60","118.75","117.15","34.68K","-0.88%"
"Apr 09, 2018","118.65","117.85","119.45","117.70","40.93K","1.02%"
"Apr 06, 2018","117.45","117.60","118.05","116.80","31.35K","-0.09%"
"Apr 05, 2018","117.55","117.30","118.40","117.00","31.09K","0.56%"
"Apr 04, 2018","116.90","116.70","117.45","115.95","36.47K","0.26%"
"Apr 03, 2018","116.60","116.75","117.15","116.00","21.39K","0.17%"
"Apr 02, 2018","116.40","118.70","119.10","116.15","18.08K","-1.48%"
"Mar 29, 2018","118.15","117.80","118.75","117.40","13.01K","0.34%"
"Mar 28, 2018","117.75","119.15","119.20","117.35","12.66K","-1.01%"
"Mar 27, 2018","118.95","118.40","119.75","117.70","19.92K","0.68%"
"Mar 26, 2018","118.15","117.20","118.80","116.65","24.62K","0.81%"
"Mar 23, 2018","117.20","118.90","119.15","116.50","23.23K","-1.51%"
"Mar 22, 2018","119.00","119.35","119.65","118.15","14.01K","0.13%"
"Mar 21, 2018","118.85","118.60","120.75","118.55","19.61K","-0.08%"
"Mar 20, 2018","118.95","119.20","120.05","118.65","11.01K","0.51%"
"Mar 19, 2018","118.35","118.35","118.35","118.35","0.00K","1.20%"
"Mar 16, 2018","116.95","117.25","117.25","117.25","0.00K","-0.59%"
"Mar 15, 2018","117.65","120.00","120.10","119.85","0.03K","-1.92%"
"Mar 14, 2018","119.95","119.95","119.95","119.95","0.00K","-0.42%"
"Mar 13, 2018","120.45","120.45","120.45","120.45","-","1.95%"
"Mar 12, 2018","118.15","118.15","118.15","118.15","-","-0.59%"
"Mar 09, 2018","118.85","119.75","119.75","119.40","0.00K","-0.13%"
"Mar 08, 2018","119.00","119.10","119.10","119.10","0.00K","-0.25%"
"Mar 07, 2018","119.30","118.50","119.60","118.15","0.01K","-0.54%"
"Mar 06, 2018","119.95","120.10","120.10","120.10","0.00K","0.63%"
"Mar 05, 2018","119.20","119.10","119.20","118.15","0.01K","-0.96%"
"Mar 02, 2018","120.35","121.55","121.55","120.95","0.00K","-1.71%"
"Mar 01, 2018","122.45","121.35","122.00","121.35","0.06K","1.16%"
"Feb 28, 2018","121.05","120.00","120.50","120.00","0.00K","0.92%"
"Feb 27, 2018","119.95","120.15","120.20","119.80","0.01K","-0.46%"
"Feb 26, 2018","120.50","119.50","121.05","119.50","0.02K","0.88%"
"Feb 23, 2018","119.45","119.80","121.00","118.75","0.10K","-0.13%"
"Feb 22, 2018","119.60","117.65","118.00","117.45","0.03K","2.27%"
"Feb 21, 2018","116.95","118.00","118.50","116.50","0.33K","-1.06%"
"Feb 20, 2018","118.20","117.75","119.15","116.95","0.95K","0.21%"
"Feb 16, 2018","117.95","121.85","122.25","117.65","15.90K","-3.12%"
"Feb 15, 2018","121.75","122.70","123.40","121.45","17.03K","-0.86%"
"Feb 14, 2018","122.80","122.85","123.10","120.90","11.97K","0.04%"
"Feb 13, 2018","122.75","121.40","123.00","120.50","18.20K","1.11%"
"Feb 12, 2018","121.40","121.75","123.20","120.80","37.90K","-0.37%"
"Feb 09, 2018","121.85","122.70","124.10","121.75","32.42K","-0.81%"
"Feb 08, 2018","122.85","122.85","124.40","121.75","34.97K","-0.36%"
"Feb 07, 2018","123.30","122.95","123.90","122.60","35.71K","0.37%"
"Feb 06, 2018","122.85","120.00","123.10","119.10","39.22K","2.55%"
"Feb 05, 2018","119.80","120.40","120.70","119.50","32.79K","-0.50%"
"Feb 02, 2018","120.40","121.55","121.60","119.85","23.71K","-0.82%"
"Feb 01, 2018","121.40","121.70","122.30","120.35","24.08K","-0.37%"
"Jan 31, 2018","121.85","122.50","123.30","121.15","19.03K","-0.37%"
"Jan 30, 2018","122.30","124.75","125.20","121.55","32.82K","-2.12%"
"Jan 29, 2018","124.95","125.55","125.85","123.65","29.52K","-0.16%"
"Jan 26, 2018","125.15","123.65","125.35","123.50","25.37K","1.21%"
"Jan 25, 2018","123.65","122.70","125.50","121.70","26.65K","0.94%"
"Jan 24, 2018","122.50","121.25","123.10","120.70","19.65K","1.28%"
"Jan 23, 2018","120.95","122.15","122.40","120.50","16.60K","-1.31%"
"Jan 22, 2018","122.55","121.65","123.35","121.55","16.54K","1.07%"
"Jan 19, 2018","121.25","121.10","121.75","119.60","18.48K","0.12%"
"Jan 18, 2018","121.10","123.65","123.90","120.95","17.46K","-1.62%"
"Jan 17, 2018","123.10","121.00","123.80","120.15","28.42K","2.20%"
"Jan 16, 2018","120.45","121.80","121.85","119.85","29.30K","-1.47%"
"Jan 12, 2018","122.25","122.80","123.25","120.90","26.75K","-0.45%"
"Jan 11, 2018","122.80","123.95","124.00","122.15","22.17K","-0.93%"
"Jan 10, 2018","123.95","125.45","125.95","123.00","21.99K","-0.96%"
"Jan 09, 2018","125.15","125.30","125.30","122.60","24.57K","0.00%"
"Jan 08, 2018","125.15","127.60","127.65","124.30","31.51K","-2.57%"
"Jan 05, 2018","128.45","129.20","129.55","127.90","21.74K","-0.85%"
"Jan 04, 2018","129.55","128.20","129.65","126.60","21.05K","0.74%"
"Jan 03, 2018","128.60","130.00","131.35","126.20","37.67K","-1.23%"
"Jan 02, 2018","130.20","126.00","130.65","126.00","29.54K","3.17%"
"Dec 29, 2017","126.20","124.60","126.55","124.40","16.69K","1.12%"
"Dec 28, 2017","124.80","124.00","124.90","123.20","12.04K","0.24%"
"Dec 27, 2017","124.50","122.30","124.70","121.70","17.27K","1.88%"
"Dec 26, 2017","122.20","120.75","122.30","120.65","7.30K","1.50%"
"Dec 22, 2017","120.40","122.45","122.50","119.50","14.49K","-1.51%"
"Dec 21, 2017","122.25","122.70","123.55","121.30","14.35K","-0.73%"
"Dec 20, 2017","123.15","122.50","124.05","122.05","14.11K","1.15%"
"Dec 19, 2017","121.75","121.90","122.45","121.00","15.19K","2.70%"
"Dec 18, 2017","118.55","118.55","118.55","118.55","0.01K","1.37%"
"Dec 15, 2017","116.95","117.05","117.05","116.90","0.01K","-1.85%"
"Dec 14, 2017","119.15","119.15","119.15","119.15","-","0.17%"
"Dec 13, 2017","118.95","118.95","118.95","118.95","0.00K","1.62%"
"Dec 12, 2017","117.05","117.05","117.05","117.05","0.00K","-1.64%"
"Dec 11, 2017","119.00","121.00","121.00","121.00","0.01K","-1.33%"
"Dec 08, 2017","120.60","120.60","120.60","120.60","-","-0.21%"
"Dec 07, 2017","120.85","120.85","120.85","120.85","0.01K","-3.20%"
"Dec 06, 2017","124.85","126.00","126.10","125.00","0.47K","-0.87%"
"Dec 05, 2017","125.95","126.75","126.75","125.85","0.03K","-0.63%"
"Dec 04, 2017","126.75","126.20","127.25","126.15","0.01K","-0.63%"
"Dec 01, 2017","127.55","126.95","128.00","126.95","0.01K","0.99%"
"Nov 30, 2017","126.30","129.95","130.30","126.25","0.07K","-2.55%"
"Nov 29, 2017","129.60","127.70","129.65","127.55","0.01K","1.69%"
"Nov 28, 2017","127.45","125.50","127.10","124.85","0.02K","1.51%"
"Nov 27, 2017","125.55","125.25","126.30","125.05","0.04K","0.60%"
"Nov 24, 2017","124.80","124.00","126.60","124.00","0.09K","0.20%"
"Nov 22, 2017","124.55","124.10","125.10","123.85","0.08K","0.57%"
"Nov 21, 2017","123.85","123.15","125.40","122.55","0.36K","0.77%"
"Nov 20, 2017","122.90","122.50","123.70","121.15","12.10K","-0.73%"
"Nov 17, 2017","123.80","126.15","126.55","123.55","14.56K","-2.29%"
"Nov 16, 2017","126.70","126.55","127.45","125.95","9.23K","-0.04%"
"Nov 15, 2017","126.75","127.15","128.10","125.65","13.65K","-0.24%"
"Nov 14, 2017","127.05","127.55","129.00","124.25","25.52K","-0.43%"
"Nov 13, 2017","127.60","127.50","128.15","126.65","29.17K","0.04%"
"Nov 10, 2017","127.55","126.05","128.35","125.50","34.38K","0.91%"
"Nov 09, 2017","126.40","125.55","127.40","125.00","31.15K","0.52%"
"Nov 08, 2017","125.75","125.05","125.90","124.20","30.26K","0.84%"
"Nov 07, 2017","124.70","125.50","125.80","123.10","29.17K","-0.68%"
"Nov 06, 2017","125.55","123.95","126.40","122.25","18.63K","1.29%"
"Nov 03, 2017","123.95","127.15","127.40","123.25","25.59K","-1.94%"
"Nov 02, 2017","126.40","123.35","127.60","122.55","33.63K","2.81%"
"Nov 01, 2017","122.95","124.70","126.20","121.20","34.71K","-1.72%"
"Oct 31, 2017","125.10","125.10","125.70","124.15","22.00K","-0.64%"
"Oct 30, 2017","125.90","127.00","127.75","125.05","12.84K","-0.55%"
"Oct 27, 2017","126.60","124.00","127.50","123.70","21.41K","1.65%"
"Oct 26, 2017","124.55","124.40","124.90","123.00","18.91K","0.36%"
"Oct 25, 2017","124.10","123.30","125.30","123.10","13.17K","0.73%"
"Oct 24, 2017","123.20","124.25","124.75","122.85","13.99K","-0.92%"
"Oct 23, 2017","124.35","125.10","126.50","123.85","12.53K","-0.72%"
"Oct 20, 2017","125.25","126.95","127.95","124.00","17.83K","-1.26%"
"Oct 19, 2017","126.85","124.75","128.05","124.50","20.37K","2.05%"
"Oct 18, 2017","124.30","124.15","124.70","123.00","12.32K","0.12%"
"Oct 17, 2017","124.15","123.75","125.05","123.00","15.25K","0.32%"
"Oct 16, 2017","123.75","126.10","126.45","123.70","19.77K","-2.14%"
"Oct 13, 2017","126.45","126.40","127.15","125.45","14.59K","0.08%"
"Oct 12, 2017","126.35","127.20","127.80","125.40","16.89K","-0.35%"
"Oct 11, 2017","126.80","129.80","129.85","126.55","25.33K","-3.21%"
"Oct 10, 2017","131.00","131.00","132.70","130.05","21.71K","0.04%"
"Oct 09, 2017","130.95","131.00","131.90","129.80","17.44K","0.73%"
"Oct 06, 2017","130.00","127.90","130.70","127.40","18.12K","2.20%"
"Oct 05, 2017","127.20","125.75","127.65","124.30","14.90K","1.64%"
"Oct 04, 2017","125.15","126.20","126.40","124.40","19.59K","-0.24%"
"Oct 03, 2017","125.45","127.40","127.80","125.40","17.54K","-1.38%"
"Oct 02, 2017","127.20","127.80","128.00","125.30","22.45K","-0.66%"
"Sep 29, 2017","128.05","128.95","129.15","127.25","16.44K","-0.35%"
"Sep 28, 2017","128.50","129.45","129.70","127.50","15.67K","-0.66%"
"Sep 27, 2017","129.35","131.95","132.15","129.00","17.14K","-2.19%"
"Sep 26, 2017","132.25","131.55","133.65","130.85","14.98K","0.53%"
"Sep 25, 2017","131.55","133.65","133.70","131.35","16.95K","-2.16%"
"Sep 22, 2017","134.45","135.80","136.20","134.05","18.15K","-0.41%"
"Sep 21, 2017","135.00","136.20","136.20","133.65","13.40K","-1.14%"
"Sep 20, 2017","136.55","135.35","137.45","132.90","25.87K","1.94%"
"Sep 19, 2017","133.95","133.95","133.95","133.95","0.00K","-3.60%"
"Sep 18, 2017","138.95","141.35","141.35","139.45","0.01K","-0.75%"
"Sep 15, 2017","140.00","139.25","140.15","139.25","0.01K","3.05%"
"Sep 14, 2017","135.85","137.00","137.25","137.00","0.01K","-0.55%"
"Sep 13, 2017","136.60","134.60","136.40","133.55","0.01K","2.09%"
"Sep 12, 2017","133.80","132.75","132.75","132.75","0.01K","2.45%"
"Sep 11, 2017","130.60","129.65","129.65","128.75","0.00K","0.93%"
"Sep 08, 2017","129.40","129.40","129.40","129.40","0.00K","1.17%"
"Sep 07, 2017","127.90","126.35","128.40","125.95","0.01K","1.03%"
"Sep 06, 2017","126.60","127.50","127.50","127.50","0.00K","0.08%"
"Sep 05, 2017","126.50","126.50","126.50","126.50","0.01K","-0.98%"
"Sep 01, 2017","127.75","128.90","128.90","128.30","0.00K","-0.31%"
"Aug 31, 2017","128.15","127.50","127.50","127.50","0.01K","0.95%"
"Aug 30, 2017","126.95","127.85","127.85","125.75","0.07K","-0.27%"
"Aug 29, 2017","127.30","130.15","130.15","127.15","0.07K","-2.00%"
"Aug 28, 2017","129.90","130.45","131.00","129.55","0.01K","-0.23%"
"Aug 25, 2017","130.20","128.00","130.00","126.95","0.05K","2.76%"
"Aug 24, 2017","126.70","126.30","127.20","125.90","0.11K","0.36%"
"Aug 23, 2017","126.25","126.80","127.50","126.10","0.91K","0.32%"
"Aug 22, 2017","125.85","126.50","127.00","125.50","6.83K","-0.44%"
"Aug 21, 2017","126.40","128.45","128.95","126.00","11.29K","-1.29%"
"Aug 18, 2017","128.05","129.00","129.35","126.75","6.65K","-0.31%"
"Aug 17, 2017","128.45","131.35","131.50","127.50","7.94K","-1.91%"
"Aug 16, 2017","130.95","132.85","133.55","130.00","12.34K","-0.80%"
"Aug 15, 2017","132.00","137.00","137.00","131.55","16.66K","-3.61%"
"Aug 14, 2017","136.95","139.55","139.85","136.35","21.08K","-2.39%"
"Aug 11, 2017","140.30","138.50","140.80","136.85","25.76K","1.30%"
"Aug 10, 2017","138.50","142.35","143.40","137.70","30.39K","-2.91%"
"Aug 09, 2017","142.65","142.00","143.40","140.25","27.50K","-0.07%"
"Aug 08, 2017","142.75","142.05","143.75","141.90","21.92K","0.49%"
"Aug 07, 2017","142.05","139.70","142.80","139.50","23.80K","1.36%"
"Aug 04, 2017","140.15","139.60","141.50","139.10","19.41K","-0.04%"
"Aug 03, 2017","140.20","140.70","141.55","138.80","17.20K","-0.11%"
"Aug 02, 2017","140.35","138.00","141.20","137.45","18.29K","1.81%"
"Aug 01, 2017","137.85","139.25","139.55","135.75","20.53K","-1.01%"
"Jul 31, 2017","139.25","137.30","139.35","137.05","16.31K","1.02%"
"Jul 28, 2017","137.85","135.65","138.90","134.90","18.83K","1.40%"
"Jul 27, 2017","135.95","135.10","136.65","134.10","18.31K","0.85%"
"Jul 26, 2017","134.80","130.60","135.20","129.85","22.25K","3.22%"
"Jul 25, 2017","130.60","133.00","133.20","129.35","19.42K","-1.47%"
"Jul 24, 2017","132.55","135.55","135.80","132.40","24.69K","-2.93%"
"Jul 21, 2017","136.55","135.05","136.85","134.80","15.85K","1.15%"
"Jul 20, 2017","135.00","135.10","135.80","134.15","14.11K","2.90%"
"Jul 19, 2017","131.20","132.30","132.30","132.00","0.01K","-0.53%"
"Jul 18, 2017","131.90","131.90","131.90","131.90","-","0.27%"
"Jul 17, 2017","131.55","131.55","131.55","131.55","-","-0.11%"
"Jul 14, 2017","131.70","131.70","131.70","131.70","-","1.82%"
"Jul 13, 2017","129.35","129.35","129.35","129.35","-","2.66%"
"Jul 12, 2017","126.00","125.00","125.25","125.00","0.00K","1.25%"
"Jul 11, 2017","124.45","126.85","126.85","125.00","0.00K","-1.43%"
"Jul 10, 2017","126.25","127.70","127.75","126.00","0.01K","-0.24%"
"Jul 07, 2017","126.55","126.55","126.55","126.55","0.03K","-0.16%"
"Jul 06, 2017","126.75","126.75","126.75","126.75","-","-0.71%"
"Jul 05, 2017","127.65","126.25","128.65","126.25","0.01K","1.43%"
"Jul 03, 2017","125.85","125.85","125.85","125.85","0.00K","1.45%"
"Jun 30, 2017","124.05","124.05","125.00","124.00","0.02K","-0.56%"
"Jun 29, 2017","124.75","124.10","125.35","123.30","0.03K","1.63%"
"Jun 28, 2017","122.75","123.45","123.45","121.90","0.02K","0.00%"
"Jun 27, 2017","122.75","122.50","123.60","122.50","0.05K","0.66%"
"Jun 26, 2017","121.95","121.60","122.95","121.60","0.04K","1.67%"
"Jun 23, 2017","119.95","115.10","120.25","115.10","0.04K","5.73%"
"Jun 22, 2017","113.45","119.65","119.90","113.00","0.35K","-4.94%"
"Jun 21, 2017","119.35","121.95","122.15","119.15","5.11K","-2.13%"
"Jun 20, 2017","121.95","123.70","124.05","120.80","6.96K","-1.81%"
"Jun 19, 2017","124.20","123.80","124.55","123.20","13.68K","0.53%"
"Jun 16, 2017","123.55","126.05","127.10","123.00","11.63K","-1.79%"
"Jun 15, 2017","125.80","126.25","127.65","125.60","16.56K","0.20%"
"Jun 14, 2017","125.55","126.50","127.90","125.30","26.16K","-0.67%"
"Jun 13, 2017","126.40","127.50","128.20","125.75","21.45K","-0.94%"
"Jun 12, 2017","127.60","127.55","129.10","126.75","36.63K","0.83%"
"Jun 09, 2017","126.55","126.50","128.75","126.40","30.11K","0.16%"
"Jun 08, 2017","126.35","126.15","126.75","125.35","18.54K","0.48%"
"Jun 07, 2017","125.75","126.05","126.80","125.45","20.00K","0.16%"
"Jun 06, 2017","125.55","129.20","129.60","125.45","19.62K","-2.26%"
"Jun 05, 2017","128.45","126.05","129.45","125.70","18.09K","2.31%"
"Jun 02, 2017","125.55","128.00","128.15","125.25","22.41K","-1.68%"
"Jun 01, 2017","127.70","129.50","130.00","127.50","18.10K","-1.28%"
"May 31, 2017","129.35","132.10","133.40","128.30","24.55K","-2.08%"
"May 30, 2017","132.10","130.65","132.75","130.50","13.11K","0.69%"
"May 26, 2017","131.20","129.50","132.20","128.60","17.48K","1.47%"
"May 25, 2017","129.30","128.55","130.00","127.15","20.47K","0.58%"
"May 24, 2017","128.55","130.40","130.70","128.00","12.88K","-1.31%"
"May 23, 2017","130.25","130.60","131.70","129.90","9.20K","-0.27%"
"May 22, 2017","130.60","132.10","133.00","129.55","12.04K","-1.14%"
"May 19, 2017","132.10","128.95","133.40","128.95","17.92K","3.69%"
"May 18, 2017","127.40","129.20","129.20","127.70","0.00K","-3.63%"
"May 17, 2017","132.20","132.20","132.20","132.20","-","2.28%"
"May 16, 2017","129.25","129.25","129.25","129.25","0.00K","-1.52%"
"May 15, 2017","131.25","131.25","131.25","131.25","-","-1.02%"
"May 12, 2017","132.60","132.60","132.60","132.60","-","0.53%"
"May 11, 2017","131.90","131.90","131.90","131.90","-","-1.79%"
"May 10, 2017","134.30","134.30","134.30","134.30","-","1.13%"
"May 09, 2017","132.80","132.80","132.80","132.80","0.00K","-1.30%"
"May 08, 2017","134.55","134.55","134.55","134.55","-","1.09%"
"May 05, 2017","133.10","132.90","133.00","132.40","0.01K","0.30%"
"May 04, 2017","132.70","132.70","132.70","132.70","-","-1.70%"
"May 03, 2017","135.00","134.00","134.00","134.00","0.01K","0.75%"
"May 02, 2017","134.00","134.10","134.10","132.75","0.01K","0.30%"
"May 01, 2017","133.60","134.65","135.00","134.65","0.01K","1.95%"
"Apr 28, 2017","131.05","127.45","127.55","126.70","0.03K","3.11%"
"Apr 27, 2017","127.10","128.45","128.45","127.65","0.00K","-0.82%"
"Apr 26, 2017","128.15","130.70","130.70","129.00","0.04K","-1.35%"
"Apr 25, 2017","129.90","129.55","130.55","129.45","0.03K","0.31%"
"Apr 24, 2017","129.50","130.45","131.30","129.10","0.35K","-0.27%"
"Apr 21, 2017","129.85","132.00","132.20","128.80","0.20K","-1.37%"
"Apr 20, 2017","131.65","139.55","140.00","131.35","0.48K","-4.60%"
"Apr 19, 2017","138.00","142.65","143.70","137.25","7.80K","-3.43%"
"Apr 18, 2017","142.90","140.70","143.35","139.75","20.38K","1.28%"
"Apr 17, 2017","141.10","139.10","141.55","138.55","12.01K","1.58%"
"Apr 13, 2017","138.90","138.50","140.10","138.50","19.47K","0.43%"
"Apr 12, 2017","138.30","140.35","142.00","137.60","27.29K","-1.36%"
"Apr 11, 2017","140.20","139.85","140.65","139.35","33.82K","0.25%"
"Apr 10, 2017","139.85","140.00","141.15","139.05","24.41K","-0.14%"
"Apr 07, 2017","140.05","138.00","140.30","136.60","23.28K","1.67%"
"Apr 06, 2017","137.75","137.30","138.95","137.10","17.19K","0.33%"
"Apr 05, 2017","137.30","138.50","139.25","137.00","19.50K","-0.33%"
"Apr 04, 2017","137.75","137.85","138.50","136.25","22.09K","-0.07%"
"Apr 03, 2017","137.85","138.80","142.80","137.50","23.93K","-1.04%"
"Mar 31, 2017","139.30","139.35","140.05","137.90","13.61K","0.00%"
"Mar 30, 2017","139.30","139.30","140.05","138.60","9.23K","0.00%"
"Mar 29, 2017","139.30","138.80","140.30","137.55","10.79K","0.32%"
"Mar 28, 2017","138.85","139.30","139.65","137.75","10.71K","-0.25%"
"Mar 27, 2017","139.20","137.20","139.35","136.20","21.09K","1.16%"
"Mar 24, 2017","137.60","140.05","140.30","137.10","19.24K","-2.06%"
"Mar 23, 2017","140.50","141.50","141.85","139.55","12.48K","-0.85%"
"Mar 22, 2017","141.70","144.45","144.45","141.15","13.29K","-1.25%"
"Mar 21, 2017","143.50","144.70","144.70","144.70","0.00K","-0.35%"
"Mar 20, 2017","144.00","144.00","144.00","144.00","0.01K","2.27%"
"Mar 17, 2017","140.80","140.45","140.45","140.45","0.00K","0.75%"
"Mar 16, 2017","139.75","138.55","141.10","138.55","0.01K","0.40%"
"Mar 15, 2017","139.20","139.20","139.20","139.20","0.00K","-0.29%"
"Mar 14, 2017","139.60","140.75","140.75","139.90","0.02K","-0.64%"
"Mar 13, 2017","140.50","137.45","138.80","137.40","0.00K","0.61%"
"Mar 10, 2017","139.65","139.65","139.65","139.65","-","0.65%"
"Mar 09, 2017","138.75","139.20","139.60","139.00","0.01K","-0.93%"
"Mar 08, 2017","140.05","140.05","140.05","140.05","-","0.76%"
"Mar 07, 2017","139.00","139.75","139.75","138.90","0.02K","-0.47%"
"Mar 06, 2017","139.65","139.60","139.60","139.60","0.00K","-1.13%"
"Mar 03, 2017","141.25","142.60","142.75","140.80","0.01K","-0.67%"
"Mar 02, 2017","142.20","143.25","143.30","143.25","0.00K","-0.32%"
"Mar 01, 2017","142.65","140.20","141.00","140.10","0.01K","1.39%"
"Feb 28, 2017","140.70","139.70","140.70","138.60","0.05K","1.15%"
"Feb 27, 2017","139.10","144.00","144.00","140.00","0.05K","-3.67%"
"Feb 24, 2017","144.40","148.45","148.45","143.65","0.11K","-2.33%"
"Feb 23, 2017","147.85","149.50","150.60","148.45","0.06K","-0.90%"
"Feb 22, 2017","149.20","150.10","151.40","148.95","0.09K","-0.76%"
"Feb 21, 2017","150.35","149.20","150.90","148.35","0.17K","1.73%"
"Feb 17, 2017","147.80","146.70","148.70","145.20","0.39K","1.03%"
"Feb 16, 2017","146.30","145.00","146.65","145.00","7.55K","1.25%"
"Feb 15, 2017","144.50","143.25","145.05","142.10","13.23K","0.59%"
"Feb 14, 2017","143.65","144.75","145.80","142.50","12.86K","-0.42%"
"Feb 13, 2017","144.25","145.75","146.00","143.50","14.47K","-1.03%"
"Feb 10, 2017","145.75","145.05","146.85","144.80","20.34K","0.38%"
"Feb 09, 2017","145.20","143.40","145.70","142.85","25.43K","1.61%"
"Feb 08, 2017","142.90","143.00","144.25","141.70","23.55K","0.21%"
"Feb 07, 2017","142.60","144.30","144.50","142.55","23.27K","-1.11%"
"Feb 06, 2017","144.20","146.00","146.90","143.95","20.01K","-1.40%"
"Feb 03, 2017","146.25","145.20","147.70","144.70","21.08K","0.21%"
"Feb 02, 2017","145.95","150.15","151.25","145.70","23.90K","-2.80%"
"Feb 01, 2017","150.15","149.55","151.70","147.55","26.43K","0.40%"
"Jan 31, 2017","149.55","151.00","152.50","146.60","25.98K","-1.06%"
"Jan 30, 2017","151.15","151.70","152.05","149.70","14.83K","-0.82%"
"Jan 27, 2017","152.40","151.25","153.40","150.25","11.56K","0.63%"
"Jan 26, 2017","151.45","153.85","154.30","150.35","20.25K","-0.95%"
"Jan 25, 2017","152.90","151.60","155.60","151.30","15.52K","0.36%"
"Jan 24, 2017","152.35","154.15","156.95","151.80","18.77K","-1.96%"
"Jan 23, 2017","155.40","153.00","156.75","152.90","17.90K","1.44%"
"Jan 20, 2017","153.20","150.55","153.35","150.55","14.39K","1.63%"
"Jan 19, 2017","150.75","149.25","151.45","148.55","12.14K","1.04%"
"Jan 18, 2017","149.20","149.70","150.00","146.75","14.53K","-0.47%"
"Jan 17, 2017","149.90","148.80","150.75","148.10","15.01K","0.40%"
"Jan 13, 2017","149.30","149.05","149.90","147.35","17.43K","-0.20%"
"Jan 12, 2017","149.60","149.30","151.60","148.55","15.86K","0.40%"
"Jan 11, 2017","149.00","147.85","150.90","147.45","25.61K","0.88%"
"Jan 10, 2017","147.70","144.25","147.90","144.15","17.52K","2.43%"
"Jan 09, 2017","144.20","142.15","146.50","140.75","18.97K","0.95%"
"Jan 06, 2017","142.85","143.50","144.50","142.05","11.49K","-0.63%"
"Jan 05, 2017","143.75","142.00","145.45","141.75","19.97K","1.38%"
"Jan 04, 2017","141.80","137.50","142.95","137.45","18.26K","3.20%"
"Jan 03, 2017","137.40","137.80","139.05","134.40","16.21K","0.26%"
"Dec 30, 2016","137.05","135.70","138.85","135.55","11.16K","1.18%"
"Dec 29, 2016","135.45","133.50","138.35","133.15","13.39K","1.46%"
"Dec 28, 2016","133.50","134.65","136.00","132.85","13.06K","-0.52%"
"Dec 27, 2016","134.20","136.00","136.75","133.35","13.13K","-1.43%"
"Dec 23, 2016","136.15","139.00","139.75","135.95","11.87K","-2.12%"
"Dec 22, 2016","139.10","144.05","144.30","138.65","13.33K","-3.77%"
"Dec 21, 2016","144.55","143.10","144.80","142.35","8.66K","0.49%"
"Dec 20, 2016","143.85","145.00","145.25","142.35","9.79K","1.88%"
"Dec 19, 2016","141.20","141.15","141.15","138.85","0.09K","2.17%"
"Dec 16, 2016","138.20","138.85","139.00","138.85","0.01K","-0.07%"
"Dec 15, 2016","138.30","136.80","136.80","136.80","0.00K","-1.39%"
"Dec 14, 2016","140.25","140.25","140.25","140.25","-","0.97%"
"Dec 13, 2016","138.90","139.70","139.75","139.30","0.01K","0.62%"
"Dec 12, 2016","138.05","135.15","138.00","135.15","0.01K","1.84%"
"Dec 09, 2016","135.55","135.55","135.55","135.55","-","-1.49%"
"Dec 08, 2016","137.60","137.60","137.60","137.60","0.01K","-0.22%"
"Dec 07, 2016","137.90","139.40","139.40","139.40","0.00K","-0.04%"
"Dec 06, 2016","137.95","138.30","138.30","138.20","0.01K","-1.60%"
"Dec 05, 2016","140.20","142.15","143.60","141.45","0.01K","-0.71%"
"Dec 02, 2016","141.20","141.65","144.00","140.40","0.16K","-0.42%"
"Dec 01, 2016","141.80","147.65","147.90","142.15","0.10K","-3.86%"
"Nov 30, 2016","147.50","149.50","150.00","147.40","0.01K","-1.60%"
"Nov 29, 2016","149.90","152.65","152.65","149.85","0.05K","-2.03%"
"Nov 28, 2016","153.00","152.65","153.35","151.90","0.01K","0.46%"
"Nov 25, 2016","152.30","154.95","154.95","151.40","0.06K","-1.52%"
"Nov 23, 2016","154.65","156.90","157.25","154.40","0.17K","-1.65%"
"Nov 22, 2016","157.25","158.40","159.55","157.10","0.13K","-0.88%"
"Nov 21, 2016","158.65","158.25","159.50","155.00","0.49K","0.51%"
"Nov 18, 2016","157.85","158.75","161.00","157.45","4.53K","-0.91%"
"Nov 17, 2016","159.30","161.40","161.70","158.70","6.58K","-1.21%"
"Nov 16, 2016","161.25","161.90","162.75","160.10","6.94K","-0.34%"
"Nov 15, 2016","161.80","162.40","165.30","160.30","8.78K","0.00%"
"Nov 14, 2016","161.80","159.00","162.65","157.45","21.38K","1.47%"
"Nov 11, 2016","159.45","161.70","163.85","157.90","40.26K","-1.48%"
"Nov 10, 2016","161.85","170.90","172.90","161.55","43.68K","-4.85%"
"Nov 09, 2016","170.10","165.20","170.75","163.20","30.54K","1.55%"
"Nov 08, 2016","167.50","175.00","176.00","167.25","45.15K","-3.93%"
"Nov 07, 2016","174.35","170.00","175.65","170.00","32.20K","1.75%"
"Nov 04, 2016","171.35","165.55","172.00","165.10","32.20K","3.44%"
"Nov 03, 2016","165.65","163.05","166.60","163.00","23.39K","1.69%"
"Nov 02, 2016","162.90","160.75","164.35","160.35","17.71K","0.90%"
"Nov 01, 2016","161.45","163.25","165.40","161.15","26.17K","-1.64%"
"Oct 31, 2016","164.15","164.25","165.85","163.00","21.56K","-0.82%"
"Oct 28, 2016","165.50","165.10","166.90","163.45","18.39K","0.42%"
"Oct 27, 2016","164.80","163.60","166.40","162.25","25.74K","0.67%"
"Oct 26, 2016","163.70","163.40","165.75","163.20","26.67K","-0.49%"
"Oct 25, 2016","164.50","158.65","164.75","158.35","34.33K","4.18%"
"Oct 24, 2016","157.90","156.05","159.30","155.65","14.89K","1.15%"
"Oct 21, 2016","156.10","155.60","157.45","155.10","15.00K","0.13%"
"Oct 20, 2016","155.90","157.70","158.30","155.35","17.46K","-1.24%"
"Oct 19, 2016","157.85","158.30","158.55","156.30","14.85K","-0.57%"
"Oct 18, 2016","158.75","157.50","159.60","157.10","18.45K","1.05%"
"Oct 17, 2016","157.10","154.90","157.35","154.55","14.56K","1.09%"
"Oct 14, 2016","155.40","153.40","155.90","153.15","18.90K","1.77%"
"Oct 13, 2016","152.70","152.30","153.70","151.65","17.62K","0.39%"
"Oct 12, 2016","152.10","151.30","152.85","150.40","14.62K","0.86%"
"Oct 11, 2016","150.80","152.85","153.20","150.50","17.64K","-1.34%"
"Oct 10, 2016","152.85","148.20","153.45","148.05","22.89K","3.28%"
"Oct 07, 2016","148.00","146.25","149.45","145.20","21.02K","1.09%"
"Oct 06, 2016","146.40","148.50","148.85","146.10","15.44K","-1.21%"
"Oct 05, 2016","148.20","148.00","151.15","147.70","16.37K","0.51%"
"Oct 04, 2016","147.45","147.55","148.65","146.75","17.42K","-0.07%"
"Oct 03, 2016","147.55","151.10","151.70","147.15","18.05K","-2.64%"
"Sep 30, 2016","151.55","149.70","152.65","148.75","19.03K","0.93%"
"Sep 29, 2016","150.15","153.85","154.95","149.90","17.63K","-1.93%"
"Sep 28, 2016","153.10","153.90","154.60","151.00","17.44K","-0.39%"
"Sep 27, 2016","153.70","153.25","154.35","151.50","13.96K","0.10%"
"Sep 26, 2016","153.55","151.50","153.80","149.00","19.05K","1.42%"
"Sep 23, 2016","151.40","154.25","154.75","151.30","21.69K","-2.48%"
"Sep 22, 2016","155.25","156.55","160.90","154.70","24.15K","-0.83%"
"Sep 21, 2016","156.55","156.60","158.80","156.00","21.55K","0.68%"
"Sep 20, 2016","155.50","155.50","155.50","155.50","-","2.64%"
"Sep 19, 2016","151.50","149.30","152.60","149.30","0.01K","2.99%"
"Sep 16, 2016","147.10","147.35","147.60","147.35","0.01K","-0.34%"
"Sep 15, 2016","147.60","148.20","148.20","148.20","0.01K","-0.14%"
"Sep 14, 2016","147.80","147.00","147.45","147.00","0.01K","0.31%"
"Sep 13, 2016","147.35","149.30","149.30","149.30","0.00K","-1.57%"
"Sep 12, 2016","149.70","147.80","147.80","147.80","0.04K","-0.17%"
"Sep 09, 2016","149.95","152.85","152.85","150.00","0.01K","-2.44%"
"Sep 08, 2016","153.70","153.10","153.10","153.00","0.01K","-0.10%"
"Sep 07, 2016","153.85","153.70","153.70","153.70","0.01K","0.92%"
"Sep 06, 2016","152.45","151.90","152.15","150.35","0.01K","1.57%"
"Sep 02, 2016","150.10","150.50","151.05","150.00","0.01K","0.00%"
"Sep 01, 2016","150.10","150.75","151.40","150.45","0.01K","2.88%"
"Aug 31, 2016","145.90","144.75","145.40","144.70","0.02K","0.79%"
"Aug 30, 2016","144.75","144.60","144.70","142.30","0.02K","0.52%"
"Aug 29, 2016","144.00","144.80","145.80","143.90","0.01K","0.07%"
"Aug 26, 2016","143.90","144.70","146.15","142.35","0.06K","0.28%"
"Aug 25, 2016","143.50","140.15","143.50","140.15","0.07K","0.95%"
"Aug 24, 2016","142.15","145.80","145.80","141.50","0.34K","-2.17%"
"Aug 23, 2016","145.30","144.25","145.60","142.75","0.21K","0.83%"
"Aug 22, 2016","144.10","139.00","144.30","138.50","4.27K","3.82%"
"Aug 19, 2016","138.80","138.45","139.90","137.45","6.07K","0.47%"
"Aug 18, 2016","138.15","135.50","138.95","135.15","5.23K","2.30%"
"Aug 17, 2016","135.05","137.30","137.40","134.90","8.29K","-1.71%"
"Aug 16, 2016","137.40","136.75","137.90","136.35","8.63K","0.33%"
"Aug 15, 2016","136.95","136.95","140.75","136.30","18.97K","0.07%"
"Aug 12, 2016","136.85","138.05","138.40","136.50","12.57K","-0.62%"
"Aug 11, 2016","137.70","138.30","138.80","136.55","30.72K","-0.69%"
"Aug 10, 2016","138.65","141.55","141.75","138.55","21.83K","-1.74%"
"Aug 09, 2016","141.10","141.50","142.25","138.55","26.38K","0.00%"
"Aug 08, 2016","141.10","142.95","144.30","140.35","23.65K","-0.98%"
"Aug 05, 2016","142.50","142.90","143.90","141.25","24.21K","0.28%"
"Aug 04, 2016","142.10","140.40","143.25","136.95","31.52K","1.21%"
"Aug 03, 2016","140.40","141.25","142.10","139.85","17.96K","-0.60%"
"Aug 02, 2016","141.25","143.85","145.75","140.55","19.70K","-1.53%"
"Aug 01, 2016","143.45","145.00","145.75","143.20","14.01K","-1.88%"
"Jul 29, 2016","146.20","142.40","146.35","140.30","22.11K","2.85%"
"Jul 28, 2016","142.15","142.05","142.50","139.40","12.87K","0.67%"
"Jul 27, 2016","141.20","142.20","142.70","139.60","11.78K","-0.28%"
"Jul 26, 2016","141.60","141.60","143.05","140.40","12.53K","0.35%"
"Jul 25, 2016","141.10","142.70","142.70","139.05","15.81K","-0.56%"
"Jul 22, 2016","141.90","146.70","146.95","140.35","26.04K","-3.37%"
"Jul 21, 2016","146.85","147.80","149.75","146.25","14.38K","-0.10%"
"Jul 20, 2016","147.00","146.10","148.65","145.20","13.13K","1.62%"
"Jul 19, 2016","144.65","144.65","144.65","144.65","0.00K","-2.13%"
"Jul 18, 2016","147.80","145.70","145.70","145.70","0.00K","1.44%"
"Jul 15, 2016","145.70","153.00","153.05","150.00","0.01K","-3.06%"
"Jul 14, 2016","150.30","147.60","149.45","147.60","0.01K","2.80%"
"Jul 13, 2016","146.20","145.90","147.70","145.90","0.01K","0.17%"
"Jul 12, 2016","145.95","149.70","149.70","145.70","0.01K","-1.35%"
"Jul 11, 2016","147.95","144.85","148.00","144.85","0.00K","3.64%"
"Jul 08, 2016","142.75","142.50","142.50","142.50","0.00K","1.64%"
"Jul 07, 2016","140.45","143.00","143.00","140.00","0.01K","-1.06%"
"Jul 06, 2016","141.95","142.50","142.50","140.30","0.06K","-1.56%"
"Jul 05, 2016","144.20","145.60","145.60","143.00","0.02K","-0.45%"
"Jul 01, 2016","144.85","143.45","145.50","143.45","0.02K","0.52%"
"Jun 30, 2016","144.10","144.90","146.05","140.95","0.02K","0.88%"
"Jun 29, 2016","142.85","140.50","142.95","140.40","0.07K","2.84%"
"Jun 28, 2016","138.90","137.50","140.00","137.50","0.10K","3.27%"
"Jun 27, 2016","134.50","134.65","135.50","133.50","0.11K","0.11%"
"Jun 24, 2016","134.35","138.50","138.50","133.50","0.08K","-3.52%"
"Jun 23, 2016","139.25","137.00","139.40","137.00","0.07K","1.68%"
"Jun 22, 2016","136.95","138.50","139.60","136.50","0.22K","-1.12%"
"Jun 21, 2016","138.50","138.80","139.35","136.40","9.49K","-0.72%"
"Jun 20, 2016","139.50","139.00","140.40","137.60","5.54K","-0.89%"
"Jun 17, 2016","140.75","139.65","142.15","138.60","16.88K","0.90%"
"Jun 16, 2016","139.50","137.85","141.75","135.80","8.66K","0.94%"
"Jun 15, 2016","138.20","134.70","138.55","134.50","10.82K","2.29%"
"Jun 14, 2016","135.10","135.55","136.75","133.50","16.09K","-1.60%"
"Jun 13, 2016","137.30","140.10","140.10","132.15","28.56K","0.26%"
"Jun 10, 2016","136.95","134.00","137.95","132.00","38.29K","2.24%"
"Jun 09, 2016","133.95","139.20","145.00","133.55","54.26K","-4.08%"
"Jun 08, 2016","139.65","131.60","139.85","130.30","47.91K","5.64%"
"Jun 07, 2016","132.20","131.70","133.30","129.60","31.67K","0.38%"
"Jun 06, 2016","131.70","127.30","132.05","127.10","30.65K","3.62%"
"Jun 03, 2016","127.10","122.60","127.40","122.50","28.47K","3.33%"
"Jun 02, 2016","123.00","122.50","124.40","122.15","22.11K","0.90%"
"Jun 01, 2016","121.90","121.50","123.10","120.85","18.55K","0.29%"
"May 31, 2016","121.55","121.55","123.90","121.35","23.62K","0.21%"
"May 27, 2016","121.30","122.10","122.35","120.80","13.52K","-0.16%"
"May 26, 2016","121.50","121.90","122.15","121.20","19.27K","0.08%"
"May 25, 2016","121.40","122.45","122.95","121.20","18.11K","-0.33%"
"May 24, 2016","121.80","122.45","123.30","121.55","15.06K","-0.29%"
"May 23, 2016","122.15","124.50","124.70","122.00","15.89K","-2.04%"
"May 20, 2016","124.70","124.75","125.95","124.25","15.54K","0.61%"
"May 19, 2016","123.95","128.95","129.00","123.70","29.69K","-4.14%"
"May 18, 2016","129.30","128.85","129.65","128.15","0.02K","-1.93%"
"May 17, 2016","131.85","132.60","132.60","132.60","0.00K","-0.64%"
"May 16, 2016","132.70","128.75","131.95","128.75","0.01K","3.03%"
"May 13, 2016","128.80","127.85","127.85","127.80","0.01K","0.47%"
"May 12, 2016","128.20","128.75","128.75","127.30","0.01K","0.23%"
"May 11, 2016","127.90","127.90","127.90","127.90","-","0.79%"
"May 10, 2016","126.90","125.90","125.90","125.90","0.01K","1.40%"
"May 09, 2016","125.15","125.15","125.15","125.15","0.01K","1.38%"
"May 06, 2016","123.45","124.00","124.00","122.55","0.25K","2.11%"
"May 05, 2016","120.90","120.40","120.50","120.40","0.00K","1.51%"
"May 04, 2016","119.10","118.90","119.15","118.80","0.01K","0.42%"
"May 03, 2016","118.60","120.80","120.80","118.70","0.04K","-0.42%"
"May 02, 2016","119.10","122.10","122.10","119.00","0.03K","-1.45%"
"Apr 29, 2016","120.85","120.75","121.80","120.55","0.07K","0.37%"
"Apr 28, 2016","120.40","121.25","121.65","120.00","0.08K","-0.54%"
"Apr 27, 2016","121.05","125.50","126.25","121.20","0.05K","-3.35%"
"Apr 26, 2016","125.25","123.60","125.95","123.60","0.12K","1.75%"
"Apr 25, 2016","123.10","122.50","123.20","122.30","0.08K","0.29%"
"Apr 22, 2016","122.75","123.50","123.70","122.00","0.21K","-0.65%"
"Apr 21, 2016","123.55","128.15","130.00","123.40","0.61K","-2.83%"
"Apr 20, 2016","127.15","126.20","127.65","125.90","6.81K","1.03%"
"Apr 19, 2016","125.85","124.20","127.35","123.85","7.21K","1.49%"
"Apr 18, 2016","124.00","123.10","125.90","122.50","7.12K","0.85%"
"Apr 15, 2016","122.95","123.30","124.35","121.60","9.01K","-0.16%"
"Apr 14, 2016","123.15","122.50","124.50","120.75","12.04K","1.15%"
"Apr 13, 2016","121.75","124.00","125.50","121.45","21.64K","-2.29%"
"Apr 12, 2016","124.60","123.40","125.20","122.65","23.48K","1.01%"
"Apr 11, 2016","123.35","121.35","123.65","119.80","25.44K","2.41%"
"Apr 08, 2016","120.45","119.80","121.30","119.05","30.29K","0.54%"
"Apr 07, 2016","119.80","122.35","122.60","119.60","32.69K","-1.40%"
"Apr 06, 2016","121.50","121.45","122.15","120.00","17.94K","0.50%"
"Apr 05, 2016","120.90","122.85","122.85","120.55","25.77K","-1.55%"
"Apr 04, 2016","122.80","125.80","126.55","122.30","25.18K","-3.50%"
"Apr 01, 2016","127.25","127.35","127.90","124.40","23.93K","-0.16%"
"Mar 31, 2016","127.45","127.45","128.15","125.20","17.08K","0.35%"
"Mar 30, 2016","127.00","128.25","130.00","126.20","22.55K","-0.35%"
"Mar 29, 2016","127.45","128.60","128.65","126.15","13.43K","-0.86%"
"Mar 28, 2016","128.55","127.45","129.55","126.50","17.75K","0.78%"
"Mar 24, 2016","127.55","130.95","130.95","127.40","18.70K","-2.71%"
"Mar 23, 2016","131.10","135.00","136.40","129.30","18.88K","-2.64%"
"Mar 22, 2016","134.65","132.00","134.90","131.75","17.95K","2.36%"
"Mar 21, 2016","131.55","133.70","133.70","130.65","21.79K","-1.72%"
"Mar 18, 2016","133.85","132.10","134.25","132.10","0.00K","1.40%"
"Mar 17, 2016","132.00","127.75","134.40","127.75","0.01K","3.61%"
"Mar 16, 2016","127.40","124.25","127.50","124.25","0.00K","2.66%"
"Mar 15, 2016","124.10","125.00","125.00","125.00","0.00K","-1.19%"
"Mar 14, 2016","125.60","125.00","125.00","123.35","0.00K","0.96%"
"Mar 11, 2016","124.40","123.00","124.05","123.00","0.01K","3.15%"
"Mar 10, 2016","120.60","119.60","119.60","118.60","0.01K","-0.21%"
"Mar 09, 2016","120.85","121.10","121.15","121.10","0.00K","0.54%"
"Mar 08, 2016","120.20","119.00","120.80","116.90","0.03K","1.31%"
"Mar 07, 2016","118.65","117.65","119.25","117.20","0.01K","-0.13%"
"Mar 04, 2016","118.80","118.80","118.80","118.80","0.01K","2.77%"
"Mar 03, 2016","115.60","114.30","115.40","114.30","0.00K","1.99%"
"Mar 02, 2016","113.35","112.35","113.90","111.35","0.03K","0.76%"
"Mar 01, 2016","112.50","114.30","114.30","111.50","0.01K","-0.13%"
"Feb 29, 2016","112.65","112.30","113.35","112.25","0.07K","-0.31%"
"Feb 26, 2016","113.00","114.35","114.35","113.35","0.05K","-1.44%"
"Feb 25, 2016","114.65","115.40","117.00","115.15","0.02K","-0.35%"
"Feb 24, 2016","115.05","117.10","117.50","113.40","0.17K","-2.33%"
"Feb 23, 2016","117.80","119.50","119.50","118.00","0.12K","-1.71%"
"Feb 22, 2016","119.85","116.20","120.35","116.20","0.18K","3.54%"
"Feb 19, 2016","115.75","114.25","116.65","114.00","0.65K","1.40%"
"Feb 18, 2016","114.15","114.70","115.10","113.20","11.63K","-0.35%"
"Feb 17, 2016","114.55","115.00","115.80","113.85","14.39K","-0.30%"
"Feb 16, 2016","114.90","116.40","117.55","113.90","18.69K","-0.56%"
"Feb 12, 2016","115.55","113.75","117.25","113.75","22.98K","2.26%"
"Feb 11, 2016","113.00","114.90","115.10","112.50","30.92K","-1.53%"
"Feb 10, 2016","114.75","114.70","116.10","114.55","21.58K","0.00%"
"Feb 09, 2016","114.75","115.95","116.75","114.60","26.06K","-0.86%"
"Feb 08, 2016","115.75","120.00","120.00","115.65","34.38K","-3.86%"
"Feb 05, 2016","120.40","123.40","124.00","120.10","25.06K","-2.27%"
"Feb 04, 2016","123.20","121.40","123.80","121.35","22.10K","1.36%"
"Feb 03, 2016","121.55","119.70","121.70","118.10","24.77K","1.42%"
"Feb 02, 2016","119.85","117.45","120.50","116.75","20.73K","1.78%"
"Feb 01, 2016","117.75","115.80","117.95","114.95","17.10K","1.20%"
"Jan 29, 2016","116.35","119.25","119.85","115.85","21.07K","-2.35%"
"Jan 28, 2016","119.15","118.20","120.05","117.80","16.47K","0.80%"
"Jan 27, 2016","118.20","116.55","120.30","116.30","28.67K","1.29%"
"Jan 26, 2016","116.70","116.15","117.20","114.65","18.99K","0.21%"
"Jan 25, 2016","116.45","114.70","117.15","114.15","15.32K","0.39%"
"Jan 22, 2016","116.00","115.00","117.50","114.70","22.22K","1.40%"
"Jan 21, 2016","114.40","112.00","114.65","111.60","18.76K","2.51%"
"Jan 20, 2016","111.60","114.65","114.70","111.05","22.68K","-3.50%"
"Jan 19, 2016","115.65","114.30","116.60","113.60","15.99K","0.65%"
"Jan 15, 2016","114.90","115.60","115.65","113.65","13.09K","-0.86%"
"Jan 14, 2016","115.90","114.80","116.10","113.50","15.43K","0.96%"
"Jan 13, 2016","114.80","114.50","115.90","114.35","14.49K","0.39%"
"Jan 12, 2016","114.35","114.50","115.30","113.60","19.59K","-0.09%"
"Jan 11, 2016","114.45","118.00","118.05","113.60","29.52K","-3.82%"
"Jan 08, 2016","119.00","119.60","119.90","118.25","15.26K","0.46%"
"Jan 07, 2016","118.45","119.05","119.20","117.90","13.89K","-1.25%"
"Jan 06, 2016","119.95","123.05","123.25","119.50","15.59K","-2.48%"
"Jan 05, 2016","123.00","123.90","125.10","121.75","13.28K","-0.73%"
"Jan 04, 2016","123.90","126.15","126.30","122.05","21.32K","-2.21%"
"Dec 31, 2015","126.70","123.80","126.80","123.65","11.33K","2.47%"
"Dec 30, 2015","123.65","121.50","123.75","121.25","11.13K","1.81%"
"Dec 29, 2015","121.45","118.85","122.40","118.40","9.48K","1.93%"
"Dec 28, 2015","119.15","119.70","119.80","118.30","4.76K","-0.46%"
"Dec 24, 2015","119.70","121.00","121.40","118.90","4.60K","-1.03%"
"Dec 23, 2015","120.95","119.20","121.40","118.20","10.03K","1.51%"
"Dec 22, 2015","119.15","117.75","119.45","117.60","7.85K","1.40%"
"Dec 21, 2015","117.50","118.25","119.25","116.80","9.72K","-0.80%"
"Dec 18, 2015","118.45","118.45","118.45","118.45","0.00K","0.55%"
"Dec 17, 2015","117.80","117.05","117.55","117.05","0.01K","-0.25%"
"Dec 16, 2015","118.10","119.20","119.20","119.20","0.00K","2.12%"
"Dec 15, 2015","115.65","115.65","115.65","115.65","0.00K","-1.36%"
"Dec 14, 2015","117.25","117.25","117.50","116.20","0.01K","-0.72%"
"Dec 11, 2015","118.10","118.10","118.10","118.10","0.01K","-3.71%"
"Dec 10, 2015","122.65","122.65","122.65","122.65","0.01K","-0.97%"
"Dec 09, 2015","123.85","122.75","124.60","122.75","0.00K","1.31%"
"Dec 08, 2015","122.25","122.25","122.25","122.25","0.00K","-0.33%"
"Dec 07, 2015","122.65","123.55","123.90","122.55","0.03K","-1.09%"
"Dec 04, 2015","124.00","122.25","123.50","122.25","0.01K","1.60%"
"Dec 03, 2015","122.05","120.10","120.10","120.10","0.01K","3.61%"
"Dec 02, 2015","117.80","116.90","117.60","116.90","0.01K","0.55%"
"Dec 01, 2015","117.15","116.30","116.55","115.75","0.01K","0.21%"
"Nov 30, 2015","116.90","120.60","120.60","115.85","0.04K","-3.39%"
"Nov 27, 2015","121.00","120.95","120.95","120.80","0.03K","-1.55%"
"Nov 25, 2015","122.90","122.65","122.65","120.60","0.05K","0.37%"
"Nov 24, 2015","122.45","121.25","123.00","120.15","0.04K","2.08%"
"Nov 23, 2015","119.95","122.30","122.30","118.85","0.15K","-1.60%"
"Nov 20, 2015","121.90","120.95","123.95","120.30","0.08K","1.67%"
"Nov 19, 2015","119.90","112.50","120.05","112.50","0.94K","6.34%"
"Nov 18, 2015","112.75","114.00","114.95","111.85","10.95K","-1.31%"
"Nov 17, 2015","114.25","114.70","115.90","113.70","10.77K","-0.09%"
"Nov 16, 2015","114.35","112.50","115.00","112.20","14.90K","1.96%"
"Nov 13, 2015","112.15","115.85","116.20","111.60","18.06K","-2.73%"
"Nov 12, 2015","115.30","116.95","117.15","115.00","27.88K","-1.28%"
"Nov 11, 2015","116.80","116.65","117.65","116.35","23.85K","0.43%"
"Nov 10, 2015","116.30","118.25","118.55","115.75","29.81K","-1.23%"
"Nov 09, 2015","117.75","118.05","119.70","116.95","29.24K","0.00%"
"Nov 06, 2015","117.75","120.75","121.15","116.90","29.30K","-2.61%"
"Nov 05, 2015","120.90","120.10","122.00","118.75","23.24K","0.33%"
"Nov 04, 2015","120.50","120.05","122.35","119.80","13.72K","0.21%"
"Nov 03, 2015","120.25","118.65","121.70","117.80","15.66K","1.22%"
"Nov 02, 2015","118.80","121.00","121.40","118.00","14.59K","-1.78%"
"Oct 30, 2015","120.95","121.05","121.95","119.15","13.63K","0.54%"
"Oct 29, 2015","120.30","119.45","120.55","118.20","12.05K","1.01%"
"Oct 28, 2015","119.10","117.45","119.95","117.00","14.55K","1.53%"
"Oct 27, 2015","117.30","117.70","118.45","116.60","18.44K","0.00%"
"Oct 26, 2015","117.30","118.00","118.95","116.30","14.64K","-0.97%"
"Oct 23, 2015","118.45","119.80","120.80","117.55","16.04K","-1.17%"
"Oct 22, 2015","119.85","121.50","122.10","119.75","12.71K","-0.95%"
"Oct 21, 2015","121.00","124.80","124.95","120.55","15.89K","-3.01%"
"Oct 20, 2015","124.75","123.80","125.40","123.25","12.30K","0.69%"
"Oct 19, 2015","123.90","126.10","126.20","123.50","16.63K","-1.55%"
"Oct 16, 2015","125.85","132.25","132.40","125.05","28.13K","-5.87%"
"Oct 15, 2015","133.70","134.00","135.95","132.25","19.71K","-0.71%"
"Oct 14, 2015","134.65","134.70","137.50","133.80","19.04K","0.22%"
"Oct 13, 2015","134.35","134.70","137.10","133.10","21.06K","-0.11%"
"Oct 12, 2015","134.50","131.70","137.60","131.70","20.42K","2.20%"
"Oct 09, 2015","131.60","129.00","134.25","128.95","23.69K","2.45%"
"Oct 08, 2015","128.45","126.05","128.80","125.20","15.25K","1.90%"
"Oct 07, 2015","126.05","127.70","130.25","124.50","22.61K","-1.60%"
"Oct 06, 2015","128.10","127.05","129.05","126.15","14.13K","0.43%"
"Oct 05, 2015","127.55","125.00","129.65","124.30","21.26K","2.61%"
"Oct 02, 2015","124.30","121.25","125.25","119.35","18.92K","2.94%"
"Oct 01, 2015","120.75","121.30","122.45","119.10","12.25K","-0.49%"
"Sep 30, 2015","121.35","121.10","122.60","118.85","15.76K","0.41%"
"Sep 29, 2015","120.85","119.15","122.90","117.95","15.80K","1.43%"
"Sep 28, 2015","119.15","122.70","122.70","118.30","13.54K","-2.89%"
"Sep 25, 2015","122.70","120.00","123.35","119.90","21.66K","3.72%"
"Sep 24, 2015","118.30","115.75","119.45","114.55","16.16K","1.81%"
"Sep 23, 2015","116.20","115.45","117.20","114.75","13.88K","0.65%"
"Sep 22, 2015","115.45","116.80","117.30","115.05","12.10K","-1.54%"
"Sep 21, 2015","117.25","118.00","119.80","116.35","14.13K","3.44%"
"Sep 18, 2015","113.35","113.35","113.35","113.35","0.01K","-0.13%"
"Sep 17, 2015","113.50","113.50","113.50","113.50","0.03K","-0.26%"
"Sep 16, 2015","113.80","115.55","115.55","115.55","0.00K","-1.47%"
"Sep 15, 2015","115.50","115.50","115.50","115.50","0.00K","-1.28%"
"Sep 14, 2015","117.00","114.90","114.90","114.90","0.01K","3.22%"
"Sep 11, 2015","113.35","113.20","113.20","113.20","0.00K","0.27%"
"Sep 10, 2015","113.05","113.05","113.05","113.05","0.01K","-4.03%"
"Sep 09, 2015","117.80","117.80","117.80","117.80","0.01K","0.08%"
"Sep 08, 2015","117.70","116.70","116.75","116.20","0.01K","1.60%"
"Sep 04, 2015","115.85","116.50","116.50","115.70","0.00K","-0.30%"
"Sep 03, 2015","116.20","115.40","116.45","114.70","0.01K","1.31%"
"Sep 02, 2015","114.70","117.25","117.25","115.40","0.01K","-2.01%"
"Sep 01, 2015","117.05","119.55","119.55","119.55","0.01K","-2.90%"
"Aug 31, 2015","120.55","121.00","121.00","121.00","0.00K","0.08%"
"Aug 28, 2015","120.45","120.75","121.30","120.60","0.01K","-0.50%"
"Aug 27, 2015","121.05","120.75","122.45","120.70","0.01K","1.98%"
"Aug 26, 2015","118.70","117.65","119.20","117.10","0.02K","1.41%"